bw,loss,delay_c2_ms,udp_off_mean,iter,md5_hash_1,md5_hash_2,ttc1,ttc2,size1_bytes,size2_bytes,thr1_mbps,thr2_mbps,link_util,jfi 
100,0,5,None,0,67d9ea16a7ca6be5ba14a8def4dd8473,67d9ea16a7ca6be5ba14a8def4dd8473,9.108630,10.986563,32317690,32317690,28.384239,23.532520,0.519168,0.991342
200,0,5,None,0,67d9ea16a7ca6be5ba14a8def4dd8473,67d9ea16a7ca6be5ba14a8def4dd8473,9.955849,9.018095,32317690,32317690,25.968807,28.669194,0.273190,0.997563
300,0,5,None,0,67d9ea16a7ca6be5ba14a8def4dd8473,67d9ea16a7ca6be5ba14a8def4dd8473,12.043783,11.265393,32317690,32317690,21.466802,22.950067,0.148056,0.998886
